,HTR3A_10116,P2RX3_9606,P2RX7_9606,CHRNA4_10116,CACNA1C_10141,GRIN1_9606,KCNQ1_10141,KCNH2_9606,KCNJ11_9606,KCNN2_9606,SCN2A_9606,HTR3A_9606,CHRNA4_9606,CACNA1C_9986,SCN2A_10116,SCN5A_9606,GABRA1_9606,CACNA1C_10116,P2RX3_10116,KCNH2_10141,P2RX7_10116,CHRNA1_9606,KCNN2_10116,KCNN1_9606,CACNA1C_9606,HTR3A_10141,KCNN3_10116,HTR3A_10090,KCNQ1_9606,SCN5A_10116,GRIN1_10116,KCNN3_9606,P2RX7_10090
CC(C)C[C@H](NC(=O)[C@H](CC1=CC=CC=C1)NC(=O)C1=NC=CN=C1)B(O)O,7.8744575e-05,0.112346746,0.012708773,1.6743876e-05,0.33185536,0.010865413,0.045036454,0.006128316,0.06535216,1.3979108e-05,0.00033357006,0.00037216963,0.0012971787,0.016421217,0.0127993105,5.9905266e-05,0.0007016686,0.11315785,0.16559069,0.0001796896,0.0007473976,0.006450966,0.008514138,6.9575043e-07,0.027107095,0.00036499143,3.886117e-05,9.260211e-05,0.006125653,0.00032493158,0.018724317,0.000115235845,0.002790743
CC(C)C[C@H](NC(=O)CNC(=O)C1=C(Cl)C=CC(Cl)=C1)B(O)O,0.0013766132,0.11648159,0.86892986,0.092667155,0.12724172,0.9022993,0.18986645,0.012776988,0.35583717,0.0036029923,0.00090910436,0.12907746,0.0200111,0.05765142,0.020734373,0.042248372,0.025829379,0.028823588,0.077120565,0.0051178443,0.20327032,0.18220875,0.10365059,0.008174414,0.04728388,0.0018976673,0.0012495859,0.16985607,0.0038851197,0.0014102855,0.4496556,0.005403145,0.41652268
NC1=NC(=O)N([C@H]2C[C@H](O)[C@@H](CO)O2)C=N1,0.00039607874,0.34227964,0.0013451122,3.0972944e-05,0.5250325,0.12844889,0.022859113,0.011298643,0.017761448,0.0036017294,0.11086388,0.00011701429,0.0005600596,0.030970857,0.13244149,0.16936077,0.01571557,0.42221457,0.2736923,0.0064029684,0.0011843841,0.024560934,0.03471916,0.0035308586,0.04293661,0.0002909143,0.019165408,0.00088434556,0.06665337,0.14506231,0.025438134,0.02367053,0.0063669505
NC1=NC(=O)C2=C(NCC(CNC3=CC=C(C(=O)N[C@@H](CCC(=O)[O-])C(=O)[O-])C=C3)N2C=O)N1,1.5134635e-08,7.5983664e-08,1.4668231e-08,2.1958495e-08,1.10890745e-07,2.9381223e-05,3.8062687e-08,4.9715068e-06,2.2193915e-07,8.230277e-08,9.416072e-06,3.1274587e-07,1.5407112e-07,7.789123e-10,1.6119322e-06,4.778361e-09,2.077306e-07,2.3916115e-08,0.11697074,1.550142e-10,2.591408e-08,7.4145503e-09,0.0037753326,4.9492714e-06,8.402835e-05,2.559959e-08,1.6647207e-06,6.606119e-08,1.6003819e-08,1.1219997e-07,0.0018144262,3.4717327e-06,2.6904644e-07
NC1=NC(=O)C2=C(NCC(CNC3=CC=C(C(=O)N[C@@H](CCC(=O)O)C(=O)O)C=C3)N2C=O)N1,5.633193e-05,0.06083064,0.0011041941,3.6034864e-05,0.193687,0.351836,2.488383e-07,0.0051044174,6.573014e-05,0.0004558041,0.020065501,0.04448475,8.4480416e-05,1.0741465e-05,0.0010084194,0.0004190206,7.181651e-06,0.0190389,0.00013024909,1.14624925e-07,1.6168269e-06,3.8079263e-05,0.19920258,0.10905866,0.006623601,6.7644205e-06,0.20734665,0.00013406744,0.00018359246,1.918135e-05,0.17859356,0.25736845,7.843026e-05
O=C(NS(=O)(=O)C1=CC=C(Br)S1)C1=C(Cl)C=C(Cl)C=C1,0.0007834806,0.001923505,0.05790513,0.3403031,0.0010972619,0.45754924,0.025902817,0.003915745,0.18035662,0.009396402,0.52059966,0.0007219283,0.07860525,0.15311573,0.0010663534,0.36481285,0.03901937,0.024408933,2.0752599e-05,0.04531502,0.008459742,0.21364656,0.009349568,0.013475579,0.00034510263,0.0016531883,3.6714166e-05,0.1615618,0.020113757,0.00011336264,0.18623409,0.0014545228,0.15784784
O=C(O)C1(C(=O)O)CCC1,0.0062886337,0.012078924,0.32176548,0.0003729435,0.78349555,0.60997766,0.018466927,0.0010836541,0.061542638,0.00045187928,0.0018736764,0.0003914975,0.0008036605,0.13910864,0.0012190707,0.0029550954,0.0009505123,0.13901047,0.0050764224,0.0037086788,0.0036700428,0.00110559,0.15407757,0.00026281475,0.024885831,0.0030606785,0.016038263,0.00070201856,0.027784219,0.0026268987,0.59680015,0.02939946,0.19050899
O=C1C2=C(O)C=CC(O)=C2C(=O)C2=C(NCCNCCO)C=CC(NCCNCCO)=C12,0.31156534,3.001045e-06,0.0001419816,0.009555807,0.0006095377,0.07378219,0.0006397273,0.13626626,1.8301584e-05,0.006076742,0.27131563,0.44371432,0.026181925,2.334875e-06,0.19117995,0.056168728,7.4755684e-05,0.022991689,8.1950304e-07,4.4884415e-05,3.5036053e-05,0.0013183479,0.2637359,0.17956805,0.006903953,0.009879951,0.15143467,0.0005107822,4.1596228e-05,0.030748527,0.0015440879,0.84756243,9.1503534e-05
N#CC1=CC=C(C(C2=CC=C(C#N)C=C2)N2C=NC=N2)C=C1,0.00019233038,0.0008561608,6.558339e-05,0.0049068094,0.00012334189,0.0011087587,0.0027043442,0.57810247,0.060575157,0.0077521177,0.00554628,5.4349082e-05,0.008449134,0.028308798,0.05855127,0.00030730895,0.20181724,2.4724632e-05,5.1801773e-05,0.0011667619,0.00027632076,4.4385204e-05,0.007934041,0.008001047,0.027295956,0.012113562,0.0001516613,4.566482e-05,0.00011649646,3.2625343e-05,4.2123564e-05,0.035538174,0.0016442708
NC1=NC(=O)C2=C(NC=C2CCC2=CC=C(C(=O)N[C@@H](CCC(=O)O)C(=O)O)C=C2)N1,9.130528e-06,0.02638496,0.0018309213,7.227603e-06,0.38134187,0.5602184,2.4488617e-07,0.06216059,7.672524e-05,0.00012749385,0.0006018792,0.019376803,1.7308114e-06,1.33403055e-05,0.0008803635,0.0001711122,1.7531342e-05,0.030065963,3.2067106e-05,3.8693862e-08,3.4768236e-06,7.8801995e-06,0.13125245,0.0032835244,0.0618579,8.363539e-07,0.12671638,0.00032026917,0.0017802691,1.522986e-07,0.057813905,0.19100979,2.1377495e-05
NC1=CC=CC2=C1C(=O)N(C1CCC(=O)NC1=O)C2=O,2.1213873e-05,0.00052184524,0.009664764,0.00032488664,0.0072143516,0.0049966136,0.00039942592,0.014021518,0.0033927574,0.05840581,0.049771108,9.539333e-05,0.0010143613,0.0027943687,0.002287572,0.019285385,0.1638567,0.017120937,0.0008665767,0.0038429995,0.0005904235,0.00027770482,0.04963676,0.00033427618,0.004135755,0.0031312923,0.00061769056,0.00049371953,0.0035395317,0.00064446527,0.010582553,0.09994078,0.00076974864
O=C1CCC(N2C(=O)C3=CC=CC=C3C2=O)C(=O)N1,0.00070548145,0.0009960213,0.1408634,0.00040600184,0.050109476,0.0045474074,0.0014270786,0.00895421,0.011634241,0.0069054165,0.0011617932,8.252369e-05,0.0009083786,0.1629874,0.0009759444,0.0025013175,0.30218482,0.05396072,0.0027759087,0.007226164,0.008214145,0.0005870432,0.021342043,8.286639e-05,0.0076832348,0.04388131,9.046624e-05,0.0005503814,0.025891548,0.024037769,0.008329803,0.0023900825,0.01873887
NC1=CC=CC2=C1CN(C1CCC(=O)NC1=O)C2=O,0.00012857372,0.00025485895,0.0050602388,0.00021249044,0.0016882435,0.0006109125,0.0012709398,0.019292247,0.0046875896,0.058142103,0.062155746,0.0005964999,0.0009054363,0.0005330103,0.0024952965,0.02321579,0.08993137,0.006427631,0.0005374931,0.0062639825,0.002065958,0.0049898503,0.19608721,0.00069297454,0.0061969436,0.010915981,0.0020321205,0.0021810557,0.014356779,0.0009392107,0.0061388267,0.1711797,0.0017551675
O=C1CCC2=C(C=C(OCCCCN3CCN(C4=C(Cl)C(Cl)=CC=C4)CC3)C=C2)N1,0.29348525,0.02129778,0.08782471,0.9895792,0.17513119,0.12576216,0.33231968,0.7737729,0.000663938,0.004233054,0.11270646,0.7500065,0.9925764,0.0027358518,0.32188883,0.46197692,0.10047306,0.29907733,4.5786313e-05,0.67421186,0.040131,0.98890764,0.009236263,0.076113604,0.005315448,0.14306249,0.019842308,0.9161724,0.00018613847,0.0015559575,0.006894941,0.13402078,0.16676365
NC1=NC2=NC=C(CNC3=CC=C(C(=O)N[C@@H](CCCNC(=O)C4=CC=CC=C4C(=O)O)C(=O)O)C=C3)N=C2C(N)=N1,0.0049171587,0.00019570123,0.0025375308,0.04208546,0.00032035925,0.003900839,5.1539722e-05,0.031062383,1.8010123e-05,0.0024056067,0.0013378162,0.049549326,0.040348005,1.8712755e-05,0.0029665886,0.0001071103,0.054372717,2.3121338e-05,2.6898208e-05,4.7376943e-06,3.7680343e-06,0.00035571124,0.020694926,0.0028300327,0.0041799834,4.861361e-05,0.021462414,0.00012622302,0.003711999,0.010233742,0.002765603,0.26950195,3.272017e-05
O=C(CCCCCCC(=O)NC1=CC=CC=C1)NO,1.4163954e-05,7.373254e-05,0.02158654,2.840479e-05,0.020278698,0.001244094,0.0023773417,0.00025455008,0.0056759487,0.00060980365,0.0015446849,0.00014655839,0.00021365825,1.26028335e-05,4.3796135e-05,0.00434867,1.3871661e-06,0.025456775,6.987296e-06,8.650418e-05,0.0043260423,0.0012253963,0.0033224337,0.00063552137,0.0010285202,0.0014512141,0.004121741,8.7798835e-05,0.010033953,4.272065e-06,0.008142034,0.001369364,0.00038852083
O=C(/C=C/C1=CC(S(=O)(=O)NC2=CC=CC=C2)=CC=C1)NO,4.4252665e-06,0.0004771337,0.00011121856,8.457065e-06,0.0013258487,0.066848874,0.0049714632,0.013952734,0.0072717653,8.434182e-05,0.0012653931,0.000117062766,7.950056e-05,0.00022650378,0.0010591482,0.010887997,0.00035565693,1.5915602e-05,3.1233732e-05,1.4200188e-05,6.7648193e-06,2.817031e-05,0.04316052,6.9888047e-06,0.0028147874,0.00050744857,3.106302e-05,1.2199493e-05,0.003330327,8.120162e-06,0.0115307635,0.015450031,0.00016207057
ClC1=CC=C(NC2=NN=C(CC3=CC=NC=C3)C3=CC=CC=C23)C=C1,0.003742734,0.16818252,0.020178085,0.16870669,0.0015987495,0.00017636914,0.00054373255,0.041147023,0.0075625414,0.6677383,0.122432545,0.00084599794,0.032317773,3.8277118e-05,0.012159085,0.07728045,0.37744698,0.00098465,0.00011107911,0.0043642367,0.037565716,0.009112407,0.113152586,0.7869107,0.019702459,0.35197276,0.03682018,0.006298135,0.052799694,0.0001839862,0.0010119083,0.524583,0.41160026
O=C(C1=CC2=NON=C2C=C1)N1CCCCC1,0.0050034127,0.19583268,0.0016241983,0.114576496,0.0152688,0.00040948353,0.05815076,0.1500617,0.00486711,0.1624712,0.13247843,0.0076442226,0.27309424,0.00713632,0.03948352,0.011400522,0.0047569172,0.014222778,0.0032807346,0.13044854,0.0018023305,0.3369069,0.07764323,0.029824793,0.0040345257,0.7057172,0.05451911,0.117417574,0.20485131,0.06961216,0.00010185204,0.21452256,0.007251286
O=C(C1=CC=C(F)C(F)=C1NC1=C(F)C=C(I)C=C1)N1CC(O)([C@@H]2CCCCN2)C1,0.22561748,8.8611494e-05,0.06240313,0.4607687,0.0036306393,0.057211302,0.19331935,0.7156363,0.0006551113,0.016027013,0.031252798,0.31342068,0.6184885,0.0007651787,0.6224409,0.11858226,0.020960517,0.022180503,0.0033639688,0.038862735,0.0020908138,0.7692593,0.017199105,0.13390796,0.010692502,0.23100922,0.0266435,0.070314676,0.0009245322,0.022920534,0.0016113075,0.25157908,0.0073701544
NC1=NC(=O)N([C@@H]2O[C@H](CO)[C@@H](O)[C@@H]2O)C=C1,5.4334167e-05,0.54837507,0.0015831974,1.5012976e-05,0.584669,0.095828965,0.00891877,0.00432559,0.020921974,0.00073478546,0.16988055,1.6560383e-05,0.00041428342,0.028558087,0.14156012,0.18168661,0.025300324,0.33501774,0.47931224,0.007056301,0.0003760227,0.03239119,0.032774378,0.0018849127,0.05780854,3.5187844e-05,0.0046549737,0.0005989836,0.02318342,0.19114593,0.005911419,0.011983931,0.0053547095
NC1=NC(=O)N([C@@H]2O[C@H](CO)[C@@H](O)C2(F)F)C=C1,0.00023371485,0.14611134,0.002400681,8.0936996e-05,0.4466029,0.24431746,0.010641001,0.0063623823,0.07708348,0.00033226184,0.032716848,6.1439394e-05,0.00044569615,0.036186513,0.02188817,0.12628071,0.0069055953,0.33443603,0.1634729,0.004000981,0.0008625294,0.04634259,0.030118877,0.0010121476,0.042635232,4.4502987e-05,0.0041378797,0.002268972,0.046842124,0.02291714,0.025047112,0.022180317,0.0016460193
O=C(NC1=C(Cl)C=CN=C1)N1CCN(CC2=CC3=C(C=C2)OC(F)(F)O3)CC1,0.0075384835,0.00017344338,0.60017705,0.925639,0.22614321,0.1891256,0.25829896,0.51400363,0.0027686285,0.006712423,0.2136899,0.15823758,0.9002989,0.0018256719,0.6080451,0.24239282,0.1454803,0.02172288,0.0042035626,0.9219818,0.038604643,0.8278183,0.004016484,0.051183324,0.016116578,0.27276698,0.0023542875,0.9354476,0.00012068177,0.1085556,0.00015413729,0.041303594,0.6223508
O=P1(NCCCl)OCCCN1CCCl,0.07734532,0.057427872,0.52239335,0.6531116,0.5223291,0.07290959,0.074410535,0.14202943,0.029653331,0.40692267,0.25342965,0.35278258,0.7138814,0.04125003,0.16200463,0.30582112,0.22494033,0.74826205,0.0060712826,0.84302175,0.13720113,0.8769202,0.3034827,0.32986507,0.54305345,0.2508294,0.040231135,0.8201941,0.10708456,0.083186075,0.056848817,0.14744125,0.7303321
O=P1(N(CCCl)CCCl)NCCCO1,0.08105046,0.10388295,0.48580712,0.73095703,0.5491854,0.04557457,0.07818945,0.16915853,0.04206332,0.2968885,0.29253992,0.48171616,0.78356093,0.024150424,0.1504657,0.28380767,0.22543824,0.8873987,0.0052045807,0.8759844,0.112087324,0.9155836,0.2851599,0.23056006,0.5041038,0.1915757,0.031135654,0.893003,0.07441334,0.06923281,0.08438673,0.12710014,0.6662833
NC1=NC(Cl)=NC2=C1N=CN2[C@@H]1O[C@H](CO)[C@@H](O)[C@@H]1F,7.6672215e-05,0.002147919,0.00069592905,0.0006832556,0.012800875,0.0049763275,0.0129399225,0.015746085,0.0034567728,0.024260296,0.007894469,0.0006636816,0.002556419,9.7686054e-05,0.005122267,0.0155630205,0.0025539,0.004213895,0.22279751,0.0011032986,0.00038658857,0.17294404,0.032477476,0.089967445,0.0064232247,0.0006274259,0.0013398158,0.0006668192,0.00048133644,0.000582667,0.00035305243,0.04464866,0.013171342
NC1=NC(F)=NC2=C1N=CN2[C@@H]1O[C@H](CO)[C@@H](O)[C@@H]1O,9.981836e-05,0.33202788,0.0008427774,5.094608e-05,0.023498548,0.02166098,0.02504998,0.042074986,0.0071538975,0.047088988,0.028619597,4.181118e-05,0.0005656258,0.0015562617,0.06335521,0.023583848,0.0830906,0.03473187,0.47436094,0.0006654906,0.0014850106,0.0029037972,0.020641569,0.005466099,0.007109946,0.0003951691,0.060017996,0.012864402,0.028989535,0.027733434,0.0008902085,0.024812926,0.0023886305
NC1=NC(F)=NC2=C1N=CN2[C@@H]1O[C@H](COP(=O)(O)O)[C@@H](O)[C@@H]1O,1.2489167e-05,0.30551967,0.022477712,0.00048981904,0.16897328,0.056264482,0.011911699,0.017861124,0.00072656525,0.0007602273,0.0700905,5.425949e-06,0.0015488226,0.011395803,0.121363066,0.06832901,0.030021954,0.12808797,0.29353684,0.0016494918,0.00052636274,0.002998888,0.009156301,0.0053229397,0.15510912,3.4550918e-05,0.015017027,0.0001520488,0.028837781,0.08742711,0.0003029856,0.008121805,0.0029389206
COC1=CC2=C(C=C1)C=C([C@H](C)C(=O)OCCCCO[N+](=O)[O-])C=C2,2.5078843e-05,0.34760538,8.237407e-05,0.004616457,0.5549593,0.00038901094,0.031062732,0.0018399007,0.00073364715,0.0029809673,0.00048152526,6.180584e-05,0.00323373,0.54881877,0.11548909,0.00045486804,0.016366685,0.2706775,0.002117583,0.0039281,5.8882733e-06,0.0018513309,0.0077685714,0.00012662247,0.59715116,5.5423443e-05,0.0008695406,5.0984163e-06,0.1113204,2.7398713e-05,0.00039933174,0.014798954,0.018197533
C=C1C[C@@H]2CC[C@@]34C[C@H]5O[C@H]6[C@@H](O3)[C@H]3O[C@H](CC[C@@H]3O[C@H]6[C@H]5O4)CC(=O)C[C@@H]3[C@@H](OC)[C@@H](C[C@H](O)CN)O[C@H]3C[C@H]3O[C@@H](CC[C@@H]1O2)C[C@@H](C)C3=C,0.35644215,0.0017462226,0.0019734683,0.012513829,0.23434205,0.0003495679,0.37606686,0.047028434,1.1768379e-06,0.0007756493,0.40681973,0.043142997,0.1970034,0.17279881,0.2581851,0.20599279,3.753844e-06,0.70621216,3.865834e-08,0.012648863,0.025994575,0.34756035,0.07010494,0.04459224,0.67575043,1.7689255e-08,0.22708654,0.00061272265,0.00057470833,0.06281221,7.487325e-06,0.17242888,0.0026074853
C[C@@H]1C[C@H]2[C@@H]3CCC4=CC(=O)C=C[C@]4(C)[C@@]3(F)[C@@H](O)C[C@]2(C)[C@@]1(O)C(=O)CO,6.779213e-05,0.0027623703,0.0077399625,1.2037237e-05,0.36265647,0.012889998,0.06335412,0.01905078,8.745056e-05,0.0002559999,0.0015311515,2.1122301e-05,4.8506197e-05,0.005781995,0.0026266095,0.009927779,0.002173631,0.53145754,0.00034345465,0.0001661618,9.507088e-05,6.000438e-05,0.0055038705,0.00037346853,0.19182266,7.114627e-07,0.0065889983,9.079578e-06,0.00076083594,5.9102043e-05,0.0020192973,0.0010465422,3.816403e-05
CO[C@H]1C[C@@H]2CC[C@@H](C)[C@@](O)(O2)C(=O)C(=O)N2CCCC[C@H]2C(=O)O[C@H]([C@H](C)C[C@@H]2CC[C@@H](OCCO)[C@H](OC)C2)CC(=O)[C@H](C)/C=C(\C)[C@@H](O)[C@@H](OC)C(=O)[C@H](C)C[C@H](C)/C=C/C=C/C=C/1C,0.000338344,0.2736504,0.039407566,8.278044e-06,0.4844883,0.00033336866,0.014815803,0.009329433,1.9598833e-07,6.68539e-05,4.3643053e-05,3.3265394e-05,1.5860053e-06,0.009014379,0.104530886,5.956319e-05,0.15270051,0.63883144,1.0344667e-06,0.09218995,0.0055768695,2.6223477e-05,0.16160728,0.0057687433,0.29794702,7.75904e-07,0.20926222,8.545465e-06,0.00016208847,0.0012446357,1.6773722e-08,0.12427747,0.00016432647
C[C@]12C=CC(=O)C=C1CC[C@@H]1[C@@H]2[C@@H](O)C[C@@]2(C)[C@H]1CC[C@]2(O)C(=O)CO,3.9978713e-05,0.0053178985,0.020406801,1.8464756e-05,0.38186553,0.001880781,0.0075475215,0.010285592,0.00019024641,0.00035337772,0.014114718,6.678503e-05,0.00014300155,0.0024413255,0.011163842,0.022946162,0.0005298351,0.6721382,0.00044890688,0.00013764629,0.00014982928,0.00027170984,0.0073388284,0.00055279117,0.20292568,2.7524504e-06,0.018976465,2.332e-05,0.0010527171,0.0004903378,4.175088e-05,0.0013390441,0.00014108545
C[C@]12C=CC(=O)C=C1CC[C@@H]1[C@@H]2C(=O)C[C@@]2(C)[C@H]1CC[C@]2(O)C(=O)CO,0.0004843644,0.10329638,0.005904681,4.328804e-05,0.55939806,0.00960177,0.00029940545,0.003684661,0.00011259939,5.476578e-06,0.0009689111,0.000116260824,0.00016623427,0.012163943,0.000855833,0.0041803354,4.7676363e-05,0.66019833,0.0017390788,0.0002536738,0.000102060985,0.00018296475,0.0055390988,6.0918577e-05,0.46024123,3.443527e-06,0.005313852,4.117337e-05,0.00069499767,2.9242326e-05,0.00013776033,0.000995291,3.7584665e-05
C[C@]12C=CC(=O)N[C@@H]1CC[C@@H]1[C@@H]2CC[C@]2(C)[C@@H](C(=O)NC3=C(C(F)(F)F)C=CC(C(F)(F)F)=C3)CC[C@@H]12,0.0017382879,0.00021274664,0.025705809,0.021041334,0.0035030446,0.0012929358,0.26025587,0.40981585,2.6994501e-05,0.00027120236,0.02554901,3.9018123e-05,0.03715197,0.0030910163,0.0026731612,0.0071580186,0.1490507,0.04792424,1.9364138e-06,0.0063555017,0.00074614177,0.049412455,0.0031654914,3.690012e-05,0.33767113,0.0001417926,0.00044250564,0.00010220388,0.023835575,0.00016690293,0.006824336,0.0012163601,0.00074230134
C[C@]12CCC(=O)C=C1CC[C@@H]1[C@@H]2[C@@H](O)C[C@@]2(C)[C@H]1CC[C@]2(O)C(=O)CO,0.0002109125,0.009897847,0.004720249,2.6308273e-05,0.384531,0.00036960808,0.0077654487,0.019616868,0.0002373807,0.00059168565,0.008399634,3.9016188e-05,0.000914702,0.0015929058,0.002484598,0.07808934,0.0069928705,0.5242475,3.348605e-05,0.0002940796,0.00020701834,0.0007571061,0.012275752,0.001620243,0.23953073,8.776494e-06,0.047561876,2.1981296e-06,0.0031711876,8.249706e-05,2.4148123e-05,0.002014265,0.00038570416
C=C1/C(=C\C=C2/CCC[C@]3(C)[C@@H]([C@H](C)CCCC(C)(C)O)CC[C@@H]23)C[C@@H](O)C[C@@H]1O,2.6005035e-05,0.0053644096,0.0003155355,2.6903772e-06,0.047398478,1.775361e-05,0.100748464,0.005668489,8.061966e-06,0.0006417547,0.0044407374,2.3931047e-05,9.7124444e-05,7.5348566e-05,0.0003499264,0.050273996,0.00025391098,0.060569525,1.5598322e-06,3.729435e-05,0.00011708401,0.00013033996,0.016842613,0.00042760296,0.12898244,4.385033e-06,0.013818559,1.6934118e-07,0.0016581438,0.00012369851,2.9310098e-07,0.0011341989,3.7517515e-05
COC1=CC=CC2=C1C(=O)C1=C(O)C3=C(C[C@@](O)(C(C)=O)C[C@@H]3O[C@H]3C[C@H](N)[C@H](O)[C@H](C)O3)C(O)=C1C2=O,1.6647027e-06,0.49443212,0.0027235884,0.008002074,0.666677,0.506855,0.0008930764,0.07668804,9.937243e-05,9.721606e-06,0.043348495,0.00050908676,0.0010434806,0.23654902,0.06968039,0.0034582242,0.0007333633,0.80585974,0.029007196,0.005387713,0.0011077133,0.00014415785,0.014440676,0.0002554492,0.36386198,5.291831e-07,0.012880038,0.0009449426,0.008159496,0.0060347924,5.068098e-05,0.0021887994,0.00096675457
COC1=CC=CC2=C1C(=O)C1=C(O)C3=C(C[C@@](O)(C(=O)CO)C[C@@H]3O[C@H]3C[C@H](N)[C@H](O)[C@H](C)O3)C(O)=C1C2=O,8.6297075e-07,0.45486084,0.0030674604,0.004682369,0.6658986,0.54595053,0.0046711694,0.064481616,5.7851943e-05,5.324916e-06,0.090249345,0.00023954129,0.00063100114,0.20319661,0.10287645,0.0070846626,0.0007042238,0.8289504,0.012584863,0.0030316166,0.0012053574,0.0005132441,0.030826282,0.0001523267,0.2563827,1.1166692e-07,0.054124076,0.00061534194,0.010027299,0.016403243,2.3110077e-05,0.0020678139,0.0011157116
CC(C)[C@@H](CN1CC[C@@](C)(C2=CC(O)=CC=C2)[C@@H](C)C1)NC(=O)[C@H]1CC2=C(C=C(O)C=C2)CN1,0.16255511,0.00048170835,6.1745122e-06,0.025566101,0.14679015,0.26707023,0.3742395,0.8581532,0.00041971394,0.0017300083,0.020259712,0.028697237,0.066487,0.0006049067,0.5486111,0.051854677,0.0023218568,0.9148159,0.00064350164,0.0010160174,9.244056e-07,0.33146006,0.15475874,0.07419477,0.52959436,0.020914983,0.059542738,0.00018038607,6.548261e-06,0.17942677,1.7164495e-05,0.20365706,4.153986e-05
CN1CCN(C2=CC=C3N/C(=C4\C(=O)N=C5C=CC=C(F)C5=C4N)NC3=C2)CC1,0.3012988,3.7871723e-05,0.001156979,0.8185955,0.20232864,0.009924458,0.24484763,0.5433518,0.0016365245,0.085919596,0.057107538,0.50645506,0.8931742,0.008036108,0.33777872,0.062331956,0.3112933,0.005389527,0.0025126305,0.098699845,0.0017093939,0.2122592,0.14513618,0.224327,0.39453417,0.4727262,0.032363262,0.5437349,0.0014391362,0.064087614,0.021555366,0.7319277,0.027592992
CC(C)(C#N)C1=CC(C(C)(C)C#N)=CC(CN2C=NC=N2)=C1,0.00016427507,0.21204236,0.05725391,0.00070883555,0.035540633,0.00038739672,0.2448354,0.19558398,0.06061552,3.9635746e-05,0.0044258106,4.3642535e-06,0.0032557696,0.037176214,0.0046775453,0.00018903296,0.12842314,0.014506179,0.00228159,0.0013778557,0.0029028673,0.0014387053,0.0028752421,2.657252e-05,0.3577401,2.4157156e-05,0.00012766282,1.00341e-06,0.0007738719,0.00049263646,0.0010104419,0.0015825765,0.07066737
CN1C(=O)N(C2=CC=C(C(C)(C)C#N)C=C2)C2=C1C=NC1=CC=C(C3=CC4=CC=CC=C4N=C3)C=C12,0.0036622465,0.055401318,0.001069763,0.346052,0.00014162072,6.818437e-05,0.012066948,0.3774347,0.0013451095,0.0679221,0.21395795,0.009591777,0.40068778,0.013915601,0.0020678246,0.07572367,0.47067326,0.029441327,0.20186415,0.00058793207,2.1141454e-05,0.0014258217,0.0600513,0.15759197,0.00011057944,0.17705306,1.9145551e-05,3.1853182e-05,0.00059516577,1.2094834e-05,1.6392467e-05,0.057049222,5.4304266e-05
COC(=O)N[C@H](C(=O)N[C@@H](CC1=CC=CC=C1)[C@@H](O)CN(CC1=CC=C(C2=CC=CC=N2)C=C1)NC(=O)[C@@H](NC(=O)OC)C(C)(C)C)C(C)(C)C,0.0002599227,0.30086294,0.0017444035,0.0033348973,0.02943935,0.00031777547,0.6647569,0.16703783,0.00051588804,0.0017434529,0.23466913,0.00069505814,0.02232493,0.035743285,0.39248943,0.01875319,0.0037838996,0.13439313,0.3833638,0.11775646,0.0005814886,0.062485076,0.0052416967,0.0018951579,0.6019462,0.0011407591,0.018299315,0.008500291,0.02727829,0.008515458,1.6710088e-05,0.0031580117,0.0002725773
CC(C)(C)C(=O)OCOP(=O)(COCCN1C=NC2=C1N=CN=C2N)OCOC(=O)C(C)(C)C,1.1749466e-05,0.34579033,0.008947155,0.0020867174,0.3078835,0.0076045915,0.011696827,0.034401096,0.00031831424,0.0063077593,0.0007625422,1.5479305e-05,0.00047870004,0.14224248,0.0026122748,0.015806481,0.14003825,0.2824823,0.001989211,0.0041868226,8.9060435e-05,0.0002141934,0.0046283123,0.0010088579,0.39042893,0.00029169276,0.0017369821,1.585244e-05,0.0046500424,0.001371626,0.00033070188,0.023495119,1.7755963e-05
CC(C)[C@H](N)C(=O)OCCOCN1C=NC2=C1NC(N)=NC2=O,0.00017762107,0.059648387,4.4622033e-05,3.880539e-05,0.32958478,0.21718006,0.00084839074,0.23492035,0.008959882,0.0019708138,0.09536549,0.00019044761,0.00010572506,0.008968512,0.12934527,0.033837676,0.034325235,0.48355493,0.009247677,0.0005566733,6.613022e-05,0.0042634853,0.18839055,0.0059204805,0.36272007,0.0019254023,0.045105986,0.0008277317,0.0019242581,0.020031862,0.003177058,0.27279866,6.0337014e-05
CC(C)[C@@]1(C(=O)N[C@H]2CC(=O)O[C@]2(O)CF)CC(C2=NC=CC3=CC=CC=C23)=NO1,0.0009931085,0.0015899718,0.1113945,0.001500335,0.13754138,0.0037525452,0.03725747,0.027346019,0.033996113,0.0034523592,0.025018185,0.061103564,0.005691918,0.17354952,0.10136344,0.0006358269,0.18707463,0.12067125,0.009360294,0.009038755,0.013564383,0.0027047957,0.014827366,0.0050428878,0.4395814,0.0029148704,0.0062757283,0.00042528711,0.0026367516,0.06935346,0.033454,0.049388096,0.07927676
CC(C)C[C@H](NC(=O)[C@H](CCC1=CC=CC=C1)NC(=O)CN1CCOCC1)C(=O)N[C@@H](CC1=CC=CC=C1)C(=O)N[C@@H](CC(C)C)C(=O)[C@@]1(C)CO1,0.17111705,0.112727724,0.0033227417,0.035057765,0.13924664,0.0040807375,0.34558907,0.08456627,5.6653855e-05,0.0052565434,0.22726674,8.278346e-05,0.039650895,0.040280797,0.40799752,0.12537733,0.19571654,0.5698571,0.0028876197,0.26286706,0.00012929631,0.007672402,0.30763936,0.14545932,0.6827171,0.0025907264,0.15600295,5.1253195e-05,0.0032469027,0.08796138,4.092316e-05,0.38846263,9.04231e-05
CC(C)C[C@H](NC(=O)[C@@H](COC(C)(C)C)NC(=O)[C@H](CC1=CC=C(O)C=C1)NC(=O)[C@H](CO)NC(=O)[C@H](CC1=CNC2=CC=CC=C12)NC(=O)[C@H](CC1=CN=CN1)NC(=O)[C@@H]1CCC(=O)N1)C(=O)N[C@@H](CCCN=C(N)N)C(=O)N1CCC[C@H]1C(=O)NNC(N)=O,1.7695296e-08,3.886653e-05,0.0020175609,0.0035266473,0.0256627,0.21414061,2.259294e-06,0.00023354762,9.742026e-08,0.18004543,0.2620557,0.0028753944,0.0003952473,7.726024e-09,0.21901712,0.050148387,1.5071646e-06,0.0013710064,3.1309413e-05,6.247876e-09,0.062007077,1.6718111e-07,0.7019828,0.460744,0.07734254,0.086000994,0.55132544,5.0595077e-06,7.041131e-06,2.5842324e-05,0.029108077,0.7913383,1.3570744e-07
CC(C)CNCC1=CC=C(C2=CC=CC=C2S(=O)(=O)N2CCCC2)C=C1,0.20418546,0.07782723,0.009682427,0.41395503,0.41805324,0.44603315,0.46087322,0.9437826,0.00080326584,0.036876757,0.523075,0.035796914,0.46501675,0.3089703,0.6206728,0.094495736,0.01798902,0.5573067,0.020805378,0.28007334,0.0024720198,0.20104814,0.0047046696,0.08920511,0.21153045,0.03411727,0.12588671,0.04867658,0.046307642,0.4041267,0.0032235067,0.20134315,0.033700842
CC(C)NCC(O)COC1=CC=CC2=CC=CC=C12,0.08924236,0.0812215,0.0010952571,0.0027900194,0.71921724,0.12499307,0.16092148,0.5505413,0.024207551,0.0085852165,0.36303696,0.0031873,0.0048547396,0.21508452,0.5013284,0.5689819,0.003192316,0.35857767,0.14858554,0.01931144,0.00055603904,0.1421996,0.02497625,0.034673493,0.14087093,0.0105109345,0.020972889,0.005254238,0.024744775,0.43328804,0.011788772,0.014810065,0.001216367
CC(=O)N1CCN(C2=CC=C(OC[C@H]3CO[C@](CN4C=CN=C4)(C4=C(Cl)C=C(Cl)C=C4)O3)C=C2)CC1,0.006995395,0.15462804,0.14626598,0.6582986,0.06512682,0.0022683083,0.20417626,0.87278974,0.0003001264,0.0229718,0.53810894,0.07542367,0.7165261,0.0016297649,0.3085329,0.022812475,0.39430004,0.97224396,0.0062190024,0.39802125,0.0076378407,0.12602778,0.0053340998,0.1021956,0.047045093,0.26222494,0.0067195967,0.5595746,0.004108169,0.008139162,0.0006631757,0.07347145,0.3060283
CC(=O)O[C@H]1CC2=CC=CC=C2N(C(N)=O)C2=CC=CC=C21,0.0034051794,0.20022014,0.0024997997,0.00045853513,0.624043,0.003314936,0.0020799395,0.17476243,0.008079661,0.031816393,0.0044313977,0.0022376217,0.0011172041,0.027868938,0.014475903,0.20074268,0.027238052,0.4131608,0.004879839,0.008734626,4.9495633e-05,0.002329021,0.011077193,0.0055109523,0.07212965,0.0071678087,0.0009066102,0.0019371224,0.05686292,0.0008160374,0.0012646228,0.0073892274,0.0012952234
CC(=O)O[C@H]1CC[C@@]2(C)C(=CC[C@@H]3[C@@H]2CC[C@]2(C)C(C4=CN=CC=C4)=CC[C@@H]32)C1,0.08871115,0.154497,0.0026835205,0.008295682,0.0047122287,7.092883e-05,0.2118051,0.15228127,5.3335963e-05,5.4083106e-05,0.041758634,0.00017263027,0.0006489484,0.0035839118,0.00019734097,0.0019446283,0.00025214948,0.17387243,0.00029886214,0.014799942,0.00083425257,0.12607017,0.008954331,0.00036524425,0.33171397,0.0029407912,0.00074942317,1.9843887e-06,0.026054006,0.0009063309,9.235702e-06,0.009999759,0.002884161
CC(=O)OC1=CC=CC=C1C(=O)O,0.0020925798,0.026614213,0.5702411,0.0057967626,0.9559727,0.20223999,0.017088417,0.032968786,0.45967722,0.0008438062,0.00037407537,0.0013852926,0.006609163,0.4652551,0.00060490664,0.00026285322,0.14667256,0.123331584,0.008926073,0.043611694,0.024663802,0.0027079224,0.02900359,0.00015105728,0.090756156,0.021552581,6.549413e-05,0.0006713738,0.077746004,0.0009567505,0.30691427,0.0046941773,0.49652076
C=C1N(CCCCCC(=O)O)C2=CC=CC=C2C1(C)C,0.00091626716,0.06661415,0.030744877,0.0002598907,0.7744404,0.2280473,0.06887241,0.0045172884,0.00871835,0.00017222227,0.00070486113,0.026109824,0.0014563324,0.09782533,0.00028277707,0.0021764864,0.0014703901,0.41591114,0.0031176466,0.00553761,0.002512041,0.0011517024,0.030381,0.00013632583,0.10264379,0.0012719653,0.0029697714,8.7635024e-05,0.029568389,0.0004625197,0.22096355,0.011777363,0.032597546
CC1(O)CC(C2=NC(C3=CC4=C(C=C3)C=CC(C3=CC=CC=C3)=N4)=C3C(N)=NC=CN23)C1,0.0005437274,0.00049272366,4.3766882e-05,6.401165e-05,0.0006468257,4.112713e-06,1.9093017e-05,0.07978199,0.00047196355,0.013256347,5.350919e-05,0.0010217165,0.003758723,1.0210888e-05,0.00029375724,0.0002209306,0.13171935,0.00044814294,0.0003008644,7.000425e-05,1.8685745e-05,0.0008173473,0.025771234,0.0024758703,0.00035036102,0.000677704,0.00087148306,0.00049658096,9.291506e-05,6.1327046e-06,0.00014023128,0.15868774,0.0026380953
COC1=C(C)C2=C(C(=O)OC2)C(O)=C1C/C=C(\C)CCC(=O)OCCN1CCOCC1,0.34723234,0.0029611485,0.0009597532,0.21317697,0.30230752,0.23856547,0.24004021,0.2465852,0.0023638632,0.017327476,0.06444227,0.025320545,0.18286246,0.1657007,0.31592685,0.0941237,0.0031926292,0.89043695,0.0006675065,0.078638144,0.0001071967,0.047891386,0.20329508,0.033282537,0.07122622,0.0010186175,0.07143952,0.0035210762,0.00031686175,0.026205909,0.0008547382,0.2547608,0.0007271599
CC1=C(N(CC(=O)NC2=CC=C(C3=NOC=N3)C=C2)C(=O)C2CCS(=O)(=O)CC2)C(C)=CC=C1,0.0023573008,0.19468457,0.043929912,0.0055030757,0.06717317,0.00074259343,0.10909714,0.1812962,0.00024996843,0.0024050951,0.0047912733,0.0018182077,0.30812633,0.004573419,0.00039988785,0.006738648,0.19877562,0.009038817,0.00042163226,0.00019964126,0.00083161547,0.055598058,0.0023195315,3.34741e-05,0.0070752613,0.024049502,0.00014761073,0.0003567191,0.14431132,7.8726254e-05,0.0006771359,0.031668063,0.00071602676
CC1=NC(N2CCN(CCO)CC2)=CC(NC2=NC=C(C(=O)NC3=C(C)C=CC=C3Cl)S2)=N1,0.0023203786,0.00304001,7.258889e-05,0.2862552,0.010877165,0.057868402,0.003172325,0.33977902,0.0007075387,0.0014475401,0.013614167,0.0097900545,0.43768558,8.3928026e-05,0.21100967,0.008368442,0.104094766,0.0053387536,0.046577685,0.0292117,1.6434578e-05,0.47989836,0.019020759,0.048756834,0.002392952,0.03380033,0.00047524198,0.047206465,0.0001522489,0.0014206506,0.0006472069,0.2128239,0.00010777351
CO[C@@]12[C@H](COC(N)=O)C3=C(C(=O)C(C)=C(N)C3=O)N1C[C@@H]1N[C@@H]12,0.010778364,0.15028298,9.1583046e-05,0.08259275,0.33362657,0.10358958,0.13007984,0.09630867,0.002686744,0.017730335,0.022611042,0.059248786,0.060914267,0.17907298,0.027948093,0.015959112,0.024629807,0.73854196,0.0029186532,0.19814733,0.00043057036,0.0063647977,0.48658258,0.031780213,0.51864624,0.0073239505,0.077605546,0.0020010693,0.0048277173,0.032657646,0.07628919,0.8171584,0.0046624555
CC1=C(CCN2CCC(C3=NOC4=C3C=CC(F)=C4)CC2)C(=O)N2CCCCC2=N1,0.7675092,0.084991895,0.01014654,0.7301042,0.09347868,0.47991532,0.51621705,0.96430504,0.0004057135,0.048330814,0.047597393,0.45205387,0.4572348,0.3807486,0.35210794,0.25797296,0.32684168,0.4181524,0.016865302,0.6283863,0.00047281716,0.3560826,0.063101664,0.13012762,0.069329605,0.014607708,0.01945576,0.40379414,0.003340355,0.17864442,0.03932319,0.26399744,0.015358677
CC1=C(CCNCC2=CC=C(/C=C/C(=O)NO)C=C2)C2=CC=CC=C2N1,0.055228747,0.0001925125,0.00030206787,0.0088738995,0.042762287,0.614712,0.0016520141,0.5531767,0.00044510822,0.009448846,0.0074387626,0.043018326,0.014333412,7.494719e-05,0.12902355,0.01130526,0.011990178,0.2916576,0.0005610756,3.7549737e-05,0.00056042813,0.0016618418,0.13062634,0.09622481,0.010226441,0.28972238,0.12589934,0.13673753,0.0043740286,0.13987894,0.004101439,0.11570303,0.000110767236
CC1=C(C#CC2=CN=C3C=CC=NN23)C=C(C(=O)NC2=CC(C(F)(F)F)=C(CN3CCN(C)CC3)C=C2)C=C1,0.102732375,1.2417042e-05,3.364843e-05,0.78260726,0.013863643,0.08761861,0.057798482,0.63881105,9.824474e-05,0.00053724006,0.001059358,0.0004143604,0.41316098,0.00019979491,0.47774178,0.010316106,0.21497595,3.220611e-05,0.00554175,0.02119514,8.3948886e-05,0.18707931,6.812978e-05,0.0003902517,0.033926837,0.27433476,0.0002391799,0.00016708713,9.2124765e-07,0.10460132,0.00017992503,0.042701542,0.025009334
CC1=CN(C2=CC(NC(=O)C3=CC(NC4=NC=CC(C5=CN=CC=C5)=N4)=C(C)C=C3)=CC(C(F)(F)F)=C2)C=N1,0.015170743,0.06148656,5.4684716e-07,0.00223311,1.8778417e-07,6.744535e-07,2.2688037e-05,0.6158522,0.0040990068,0.00013148373,0.4498332,0.00063960697,0.12691532,2.4736875e-07,0.0019086354,0.0049143406,0.09657334,2.4225716e-07,0.092341065,1.4804905e-05,2.8930974e-05,0.0014745751,0.004453873,6.8676076e-05,0.0010538319,0.18299487,8.470157e-06,2.295933e-05,2.187753e-05,4.675652e-05,2.879843e-05,0.051638853,1.9202005e-05
CC1=C(NC2=NC=CC(C3=CN=CC=C3)=N2)C=C(NC(=O)C2=CC=C(CN3CCN(C)CC3)C=C2)C=C1,0.14591634,0.00011479408,6.041187e-05,0.36587656,0.0025346025,0.00398444,0.009517176,0.1305947,9.109981e-06,0.054024436,0.00085084,0.00013353553,0.45138884,9.211448e-06,0.11136377,0.0017865079,0.3978104,1.3860912e-05,0.13936484,0.004851727,7.485709e-05,0.039327722,0.0010069879,0.10485975,0.024158204,0.48881215,0.00011449682,0.0033307627,4.989677e-05,0.007150104,3.6215326e-06,0.1413866,0.003967406
CC1=CC=C(NC(=O)C2=CC=C(CN3CCN(C)CC3)C=C2)C=C1NC1=NC=CC(C2=CC=CN=C2)=N1,0.14591642,0.00011479416,6.0411927e-05,0.36587644,0.0025346007,0.0039844443,0.009517177,0.13059467,9.109993e-06,0.054024447,0.0008508399,0.0001335355,0.45138884,9.211441e-06,0.111363724,0.0017865077,0.3978104,1.3860922e-05,0.13936482,0.004851727,7.485699e-05,0.03932773,0.0010069876,0.10485981,0.024158185,0.48881215,0.00011449684,0.0033307627,4.989682e-05,0.007150096,3.6215326e-06,0.14138661,0.0039674016
CC(=O)O[C@H]1C(=O)[C@@]2(C)[C@H]([C@H](OC(=O)C3=CC=CC=C3)[C@]3(O)C[C@H](OC(=O)[C@H](O)[C@@H](NC(=O)C4=CC=CC=C4)C4=CC=CC=C4)C(C)=C1C3(C)C)[C@]1(OC(C)=O)CO[C@@H]1C[C@@H]2O,8.0423814e-07,0.6330702,0.33521175,0.0022332442,0.8031796,0.21267727,0.0012948279,0.101211086,4.4061508e-05,1.041013e-07,0.00011420941,0.00857644,0.04691483,0.36516136,0.0007435287,0.00013441392,0.056851752,0.83391905,0.20783865,0.0012795541,0.0087263035,8.285431e-06,0.00027077994,3.3629848e-07,0.6276852,1.49956195e-05,3.289699e-05,0.00013528406,0.09488078,0.0070440704,5.9593942e-05,4.883758e-06,0.0004437585
CC(=O)O[C@@]12CO[C@@H]1C[C@H](O)[C@@]1(C)C(=O)[C@H](O)C3=C(C)[C@@H](OC(=O)[C@H](O)[C@@H](NC(=O)OC(C)(C)C)C4=CC=CC=C4)C[C@@](O)([C@@H](OC(=O)C4=CC=CC=C4)[C@H]21)C3(C)C,4.439419e-06,0.54239935,0.15951398,0.010229349,0.8000752,0.20699728,0.008189208,0.3132889,1.6438698e-06,9.1102316e-05,0.0013598863,4.3748485e-05,0.0019867104,0.2011848,0.008482141,0.0049832407,0.0084145265,0.768737,0.10066656,0.0027394614,0.005909783,4.3975357e-05,0.0019538947,3.7146134e-07,0.69368404,2.1656092e-07,6.787527e-05,0.0009597332,0.011140672,0.008637285,5.7715934e-06,2.6600985e-05,8.919746e-05
CC1=CC=C(C2=CC(C(F)(F)F)=NN2C2=CC=C(S(N)(=O)=O)C=C2)C=C1,0.036805928,0.0009660898,0.0010031494,0.0062819608,0.00017206809,0.0041840146,0.2107741,0.073409714,0.0102790175,0.0002455996,0.62176454,0.0052735107,0.045321237,0.0014505172,0.0031786263,0.10374071,0.059206456,0.0016226681,0.00015581881,0.0024605417,0.0004814028,0.00081121206,0.0018686304,0.0023357875,0.015863901,0.0075413473,0.00024937655,0.00041858054,0.011596763,0.000984661,0.0028125602,0.03706684,0.0002528217
CNC(=O)C1=CC(OC2=CC=C(NC(=O)NC3=CC=C(Cl)C(C(F)(F)F)=C3)C=C2)=CC=N1,1.26843515e-05,0.027721798,6.0373695e-05,0.07089235,4.8122696e-05,0.00063024956,0.0116094,0.0054512075,0.07882855,0.0002717962,0.22263205,0.0004920716,0.18094917,1.4949721e-06,0.00033193338,0.19558135,0.008173026,9.112251e-06,0.00059038645,0.00067873823,4.7231948e-05,0.11262216,0.0038176451,0.00011549676,0.00048534796,0.1172364,1.5727204e-05,4.3581407e-05,0.0015009327,6.962396e-07,0.0031923589,0.0007021115,0.0025152296
CC[C@]1(O)C[C@H]2CN(CCC3=C(NC4=CC=CC=C34)[C@@](C(=O)OC)(C3=C(OC)C=C4C(=C3)[C@@]35CCN6CC=C[C@@](CC)([C@@H](OC(C)=O)[C@](O)(C(=O)OC)[C@@H]3N4C=O)[C@H]65)C2)C1,0.20428213,0.0011706005,1.7256836e-05,0.24807362,0.41157228,0.0013209917,0.19119021,0.18235384,2.8882559e-08,0.010096292,0.0027214545,0.1826452,0.19269475,0.20773554,0.6981697,0.23984571,0.0018053756,0.90945166,3.1413006e-07,0.004331549,4.9887176e-06,0.011093443,0.0062580034,0.3862537,0.51083034,0.0007547807,0.035601296,9.984676e-07,3.8339422e-07,0.24179819,1.5225255e-07,0.21216002,3.9263323e-06
CC[C@]1(O)C[C@H]2CN(CCC3=C(NC4=CC=CC=C34)[C@@](C(=O)OC)(C3=CC4=C(C=C3OC)N(C=O)[C@H]3[C@@](O)(C(=O)OC)[C@H](OC(C)=O)[C@]5(CC)C=CCN6CC[C@]43[C@@H]65)C2)C1,0.20428208,0.0011706003,1.725688e-05,0.24807361,0.41157213,0.0013209905,0.1911902,0.1823539,2.8882562e-08,0.010096274,0.0027214542,0.18264505,0.19269475,0.20773551,0.6981696,0.23984568,0.0018053714,0.90945166,3.1412978e-07,0.004331552,4.9887176e-06,0.011093432,0.0062579997,0.38625365,0.5108303,0.0007547807,0.0356013,9.984694e-07,3.8339354e-07,0.24179813,1.5225255e-07,0.21215992,3.9263327e-06
CC[C@H](C)C(=O)O[C@H]1C[C@@H](C)C=C2C=C[C@H](C)[C@H](CC[C@@H]3C[C@@H](O)CC(=O)O3)[C@H]21,0.15901923,0.0021357848,0.0005353808,0.00017730315,0.5077677,0.009991018,0.098672934,0.09872078,4.8849315e-06,0.0007609951,0.001737336,0.0007633873,0.0002226098,0.009979844,0.007363341,0.0036934805,0.1704606,0.44518024,0.0006921937,0.000476718,4.6974183e-05,0.013120567,0.021310274,0.0005400461,0.7463356,9.0200065e-06,0.004786166,1.32768355e-05,0.017244082,0.02691504,1.7233742e-05,0.012910907,0.00016709752
C/C=C/C[C@@H](C)[C@@H](O)[C@H]1C(=O)N[C@@H](CC)C(=O)N(C)CC(=O)N(C)[C@@H](CC(C)C)C(=O)N[C@@H](C(C)C)C(=O)N(C)[C@@H](CC(C)C)C(=O)N[C@@H](C)C(=O)N[C@H](C)C(=O)N(C)[C@@H](CC(C)C)C(=O)N(C)[C@@H](CC(C)C)C(=O)N(C)[C@@H](C(C)C)C(=O)N1C,0.12659347,0.98643225,0.00042875606,0.12620822,0.79557216,0.018256182,0.19710943,0.14151636,1.5931782e-05,0.19995436,0.21756737,0.07875942,0.17046371,0.3878548,0.3256994,0.20000151,0.0128580015,0.21044305,0.6122483,0.20001778,0.20600124,0.32161784,0.23887476,0.37993518,0.26900598,0.008531741,8.432748e-05,0.19090982,2.2644103e-06,0.020336436,0.0009682387,0.12579489,0.19398066
CCC1=C2C=C(OC(=O)N3CCC(N4CCCCC4)CC3)C=CC2=NC2=C1CN1C2=CC2=C(COC(=O)[C@]2(O)CC)C1=O,0.89946145,0.00469114,0.0009629177,0.7831212,0.0017325012,0.14084317,0.50543797,0.4688713,9.358261e-05,0.12695709,0.08589883,0.597818,0.4429596,0.078736745,0.11930768,0.03379441,0.0489578,0.05620421,0.00062921026,0.40451318,0.00016498446,0.2565,0.01589278,0.07522728,0.0018707337,0.024804011,0.09606955,0.15477158,0.0047813086,0.28953812,0.00011356831,0.47117501,0.011098064
CCC1=C[C@@H]2CN(C1)CC1=C(NC3=CC=CC=C13)[C@@](C(=O)OC)(C1=C(OC)C=C3C(=C1)[C@@]14CCN5CC=C[C@@](CC)([C@@H](OC(C)=O)[C@](O)(C(=O)OC)[C@@H]1N3C)[C@H]54)C2,0.11475436,0.00021377622,8.789946e-05,0.21544805,0.39008072,0.00052762014,0.22602391,0.1503,2.643714e-07,0.0034408164,0.0027269095,0.04841019,0.15762535,0.26191095,0.7948209,0.1665195,0.0094815,0.9902933,5.128538e-06,0.010728119,2.6594457e-06,0.03558977,0.0010032564,0.3115515,0.5937031,0.0043701935,0.047575817,2.1697163e-06,3.092038e-07,0.4193619,3.5872045e-08,0.09838791,4.533043e-06
CCC1=CN=C(CCOC2=CC=C(CC3SC(=O)NC3=O)C=C2)C=C1,0.0066159717,0.122545734,0.003445685,0.0020308276,0.27359858,0.0013839906,0.019854572,0.03908088,0.0013111538,0.009711745,0.0010147019,0.0054394165,0.010709645,0.045829933,0.00013121121,0.0045206165,0.005823999,0.3134449,0.009384153,0.0053019547,0.00032722138,0.022308266,0.023367658,0.003722892,0.1692089,0.06760918,0.00024596654,0.00069594785,0.24491377,0.000116956406,0.0016999927,0.0061717136,0.005835426
CCCCN1C(=O)[C@@H]([C@H](O)C2CCCCC2)NC(=O)C12CCN(CC1=CC=C(OC3=CC=C(C(=O)O)C=C3)C=C1)CC2,0.4287631,0.0015809934,0.027445167,0.15765366,0.10961856,0.012948336,0.38534623,0.07123406,3.9753337e-05,0.068191454,0.04469975,0.018047139,0.043228008,0.07285037,0.41158357,0.06181853,0.0007426744,0.21715632,5.265665e-06,0.011009607,0.0035029862,0.0141849015,0.023998188,0.1494597,0.3189903,0.0009003769,0.07191606,0.0002471626,0.0036554777,0.2734667,0.0020302448,0.29767966,0.0047730063
CCCS(=O)(=O)NC1=C(F)C(C(=O)C2=CNC3=NC=C(C4=CC=C(Cl)C=C4)C=C23)=C(F)C=C1,1.538648e-06,0.0015888944,0.00010440413,0.00015906073,9.996138e-05,0.13903299,0.00019703359,0.006012655,0.0005038514,0.0007072922,0.36707538,3.869258e-06,0.0002316511,4.52925e-07,5.8882044e-05,0.020797051,0.030856887,1.9802076e-07,9.769371e-07,2.8038332e-06,7.254033e-06,0.0011596502,0.0028274078,0.011697038,7.658288e-07,0.0001778239,7.776581e-05,7.658098e-05,0.007077319,3.4145669e-09,0.20309553,0.0035500582,3.1548283e-05
CCN(CC)CC(=O)NC1=C(C)C=CC=C1C,0.1611773,0.023219826,0.47211736,0.3848341,0.06461759,0.034136597,0.30005684,0.11954174,0.020942902,0.036818016,0.061498843,0.014464602,0.3356331,0.020005634,0.17977437,0.033876605,0.033247612,0.24511576,0.46119007,0.26007658,0.028718721,0.28060383,0.08709717,0.0063274377,0.1296831,0.26500097,0.003855057,0.19583267,0.0040508052,0.2573816,0.0056811073,0.03659014,0.15885219
CCN(CC)CCNC(=O)C1=C(C)NC(/C=C2\C(=O)NC3=CC=C(F)C=C23)=C1C,0.27767175,9.7436874e-05,0.00045775442,0.21746087,0.0021852658,0.07155906,0.011057392,0.59401643,6.640605e-05,0.07108305,0.06983607,0.5013967,0.1938704,0.0013216082,0.10897951,0.021626418,0.2592597,0.1510716,0.0006006906,0.009352918,3.3901604e-05,0.12197055,0.38176695,0.21244395,0.036572896,0.33222964,0.024387086,0.014653243,0.00022687542,0.008092264,0.014544952,0.69570875,4.878801e-05
CCOC1=CC=C(C2=CC(C)=CN2C2=CC=C(S(N)(=O)=O)C=C2)C=C1,0.04094156,0.10999171,0.0045164605,0.018132005,0.02142195,0.0016093595,0.5197609,0.4398726,0.027921036,0.101998985,0.2591821,0.030520624,0.057382725,0.022704368,0.0990329,0.029332414,0.112575494,0.030449444,0.11351977,0.0031644374,0.00043750237,0.008080685,0.006083506,0.021203214,0.056340475,0.0046883374,0.0035106842,0.0009894042,0.01659381,0.0044088406,0.00043746905,0.107098974,0.0007191213
COC1=CC=CC([C@@]2(O)CCCC[C@@H]2CN(C)C)=C1,0.23690613,0.0009808221,0.005492447,0.00681037,0.32454216,0.38268572,0.39469156,0.29016614,0.021136658,0.02783589,0.3449501,0.0036517028,0.0111204665,0.13268842,0.3407194,0.4218022,0.0011804533,0.61700344,0.0057920245,0.015198356,0.0037333053,0.2831687,0.028165216,0.07130636,0.03117385,0.0102316495,0.044957034,0.003973245,0.014554503,0.3547472,0.008125787,0.022139896,0.0025508013
COC1=CC=C(C(CN(C)C)C2(O)CCCCC2)C=C1,0.15293589,0.00079621235,0.011245715,0.010691753,0.29345426,0.36923665,0.42223173,0.26082492,0.015063418,0.019190602,0.3796596,0.002760639,0.008548529,0.14257796,0.31891188,0.33400685,0.0006833284,0.553914,0.0034338138,0.016064873,0.005431753,0.3015265,0.023967529,0.063062385,0.04098487,0.0042598117,0.04571213,0.0018573487,0.009651582,0.340176,0.0067957705,0.018495593,0.0022400226
CN(C)N/N=C1/N=CN=C1C(N)=O,0.001972856,0.010025834,0.0013022965,0.005167697,0.10982542,0.012078609,0.08343828,0.15086254,0.22463298,0.09206928,0.3860306,0.025724059,0.0093995975,0.24682501,0.10543468,0.23970458,0.04619922,0.22377916,0.03867405,0.06701291,0.0014983895,0.033231165,0.26651275,0.024593355,0.43508,0.18458153,0.0029039797,0.08192043,0.013615893,0.17421404,0.0036907974,0.26252934,0.03394998
CN(CC1=CN=C2N=C(N)N=C(N)C2=N1)C1=CC=C(C(=O)N[C@@H](CCC(=O)O)C(=O)O)C=C1,0.05109172,0.0022837757,0.0010281948,0.0016522415,0.0037899036,0.03622336,0.0013065486,0.00841053,0.00043538454,0.0018219603,0.0013968146,9.886703e-05,0.0020911596,0.00011150364,0.016254766,0.0013494708,0.010872575,0.0050169984,0.025407124,5.1049148e-05,8.965633e-05,8.2058265e-05,0.032593668,0.0023318455,0.10106959,0.00040125026,0.003325178,5.2253385e-05,0.0056027,0.011969584,0.008210469,0.12818402,0.00071500416
CN(CCOC1=CC=C(CC2SC(=O)NC2=O)C=C1)C1=CC=CC=N1,0.0030296282,0.124643825,0.0027208861,0.0054775723,0.4128282,0.001797389,0.008481501,0.045737155,0.0019967335,0.009200438,0.0014068026,0.0059857173,0.031757943,0.047674913,0.00017464087,0.0038195862,0.0068149297,0.3141256,0.011787565,0.00564281,0.0003326022,0.011113232,0.018778076,0.0018624744,0.10359496,0.14945516,0.0003991223,0.0012365517,0.20566793,0.00020859423,0.0005685002,0.009941602,0.02608633
CN1N=NC2=C(C(N)=O)N=CN2C1=O,0.00010062042,0.022300005,0.0012830297,0.00020954318,0.011100618,0.00070890324,0.0016104996,0.057043165,0.006049306,0.0069136494,0.0022723335,4.5570752e-05,0.00079073186,0.0025249126,0.0009889747,0.0067839427,0.27143303,0.05503614,0.008727336,0.0011174661,0.00026102134,0.0021246534,0.01746121,0.0008527868,0.0029954233,0.013456961,0.0015765115,0.00056525116,0.00528832,0.00040399417,0.0014094271,0.041960288,0.014910758
CN1C(CCCC(=O)O)=NC2=CC(N(CCCl)CCCl)=CC=C21,0.20022985,0.03830832,0.35783327,0.30782863,0.047302946,0.34394392,0.14004138,0.17008083,0.0037865762,0.035561256,0.03840173,0.033224747,0.15631075,0.025045311,0.0042399676,0.023374667,0.18273048,0.04956395,0.0006793096,0.13759388,0.06306226,0.039644327,0.025993284,0.11486264,0.043873563,0.18982711,0.0026024631,0.22309884,0.021094078,0.0030876563,0.7335679,0.1815249,0.7750627
COC1=C2O[C@H]3C[C@@H](O)C=C[C@]34CCN(C)CC(=C24)C=C1,0.14461699,0.0017683438,0.016337406,0.17682016,0.26166207,0.48890477,0.52628976,0.3415242,0.022223433,0.13551696,0.093609974,0.0012539634,0.08779262,0.30608526,0.5002111,0.20416994,0.00120377,0.74504465,0.04255659,0.13661186,0.0026450753,0.25332135,0.027488012,0.24999332,0.121854305,0.010877261,0.051885955,0.005800615,0.0034869793,0.5799133,0.010584098,0.043916963,0.0022555464
CN1CCC(CNC2=NN3C(C4=CC(OC(F)(F)F)=CC=C4)=CN=C3C=C2)CC1,0.92256814,1.8067321e-05,0.00011301949,0.6366194,0.053819936,0.19210002,0.06615969,0.9513569,0.0013690379,0.023827776,0.19162773,0.88651115,0.47303843,0.01737636,0.26970935,0.47105807,0.3483348,0.010820603,0.030246079,0.026149536,0.0007282589,0.4687949,0.013934784,0.11262731,0.17944995,0.7090483,0.028104048,0.33476773,0.03717143,0.22038436,0.024982492,0.057359446,0.10552337
CN1CCN(C2=CC3=C(C=C2)N/C(=C2/C(=O)N=C4C=CC=C(F)C4=C2N)N3)CC1,0.33167195,0.00010029952,0.002120604,0.79245967,0.25674945,0.016094165,0.2562611,0.546346,0.0011574941,0.16986258,0.0685857,0.52693737,0.8886115,0.011839243,0.20007014,0.17012198,0.38392848,0.042402457,0.0050301687,0.06717861,0.0015666345,0.22875567,0.21100321,0.3416327,0.38118213,0.48723394,0.039250683,0.46301523,0.0009523514,0.046763014,0.036134608,0.8124644,0.014624186
CN1C=NC([N+](=O)[O-])=C1C[N+](C)(C)C/C=C/C(=O)NC1=NC=C2N=CN=C(NC3=CC(Br)=C(Cl)C=C3)C2=C1,1.1553183e-05,0.09645358,0.040351197,0.38615102,3.0915347e-05,0.024846127,0.014447242,0.21514007,0.00258259,0.23112515,0.29187766,0.05887611,0.02272904,5.3774576e-05,0.042210735,1.6588945e-05,0.0060074106,0.0029592447,0.00011748052,0.0007461765,0.19924197,0.19813426,0.90714884,0.15129647,0.0014223105,0.00011432675,0.16596702,0.00025887872,6.063835e-06,1.1697457e-05,0.002014316,0.87631494,0.04020906
CN1C=NC=C1[C@@](N)(C1=CC=C(Cl)C=C1)C1=CC2=C(C=C1)N(C)C(=O)C=C2C1=CC(Cl)=CC=C1,0.03928695,0.00041918486,0.00025049332,0.38723335,9.814704e-05,0.0002476133,0.005731097,0.2619244,0.0012448749,4.288052e-05,0.19676033,0.0026515687,0.21013033,0.00010175982,0.019783627,0.04094283,0.76260346,0.018384192,0.006153956,0.022965807,0.00018129472,0.009793595,0.001146138,0.0002683563,7.15849e-05,0.2730217,1.1417001e-05,0.10651331,1.0465289e-05,0.0023910555,0.054667156,0.003592095,0.018685505
CNC(=O)C1=NC=CC(OC2=CC=C(NC(=O)NC3=CC(C(F)(F)F)=C(Cl)C=C3)C=C2)=C1,1.268435e-05,0.027721798,6.037373e-05,0.07089235,4.8122653e-05,0.0006302496,0.011609393,0.005451205,0.07882856,0.00027179607,0.22263208,0.00049207255,0.18094917,1.4949726e-06,0.00033193344,0.19558135,0.008173027,9.112251e-06,0.00059038587,0.00067873875,4.723195e-05,0.11262213,0.0038176482,0.00011549655,0.0004853481,0.11723634,1.5727206e-05,4.3581404e-05,0.0015009327,6.962396e-07,0.0031923584,0.0007021114,0.0025152294
CNCC[C@H](OC1=CC=CC2=CC=CC=C12)C1=CC=CS1,0.21818468,0.018895676,0.0002999835,0.14894918,0.4374694,0.044391695,0.05134399,0.81908333,0.008270269,0.18407252,0.46973342,0.27975565,0.09145494,0.14562331,0.14796874,0.8420142,0.031053718,0.6029459,0.15422787,0.053922128,0.00010402368,0.4695657,0.03849725,0.3992227,0.18158397,0.049823098,0.028347652,0.17141934,0.068877235,0.22744624,0.029676279,0.080295585,0.0016249288
COC1=C(OCCCN2CCOCC2)C=C2C(NC3=CC(Cl)=C(F)C=C3)=NC=NC2=C1,0.019521149,0.00014248706,5.9996593e-05,0.33000502,0.32493535,0.007569979,0.02398032,0.3083461,0.00097182736,0.0012528251,0.037798326,0.035639733,0.37221783,0.0011534828,0.36015463,0.06873086,0.10992166,0.03947224,0.0011708342,0.032431696,0.00010481819,0.60537213,0.0007482267,0.030790415,0.020792808,0.07870011,0.000112432404,0.07087903,0.00018123855,0.008235609,0.00081915455,0.014139986,0.0028134559
COC1=CC(=O)OC(/C=C/C2=CCCC=C2)C1,0.005800535,0.011406643,0.007503816,0.0006346117,0.5002898,0.006348349,0.0030818426,0.01806455,0.0022069989,0.0022990662,0.004329644,0.0010075497,0.00052191777,0.092393644,0.0007759804,0.009382972,0.0010782672,0.5454397,0.00045735697,0.0065652155,0.00045872983,0.0007011539,0.07799655,0.001846452,0.51817095,0.0005897264,0.0019851793,3.8694638e-05,0.012826485,0.0030562663,0.0034339633,0.036889814,0.0022409104
C#CC1=CC(NC2=NC=NC3=CC(OCCOC)=C(OCCOC)C=C23)=CC=C1,8.166365e-06,3.5193683e-05,1.4844368e-05,0.0006964039,0.001707729,9.451248e-05,0.031074474,0.13347635,0.0002927485,0.20606944,0.0012940005,0.0056955134,0.04157831,0.000105355764,0.028420415,0.00628108,0.020406283,0.019520406,0.00039740102,1.4757965e-05,2.5983278e-05,0.122563325,0.009701145,0.18178338,0.0024537165,1.1812872e-06,0.088921994,0.0001923824,0.0005002856,0.00091872306,1.3311244e-06,0.112611555,0.00023481183
C#CC1=CC=CC(NC2=NC=NC3=CC(OCCOC)=C(OCCOC)C=C23)=C1,8.166353e-06,3.519367e-05,1.48443705e-05,0.0006964036,0.0017077283,9.451249e-05,0.031074489,0.13347635,0.00029274853,0.20606944,0.0012940007,0.00569551,0.041578293,0.000105355764,0.028420428,0.006281075,0.020406287,0.019520398,0.0003974007,1.4757966e-05,2.5983278e-05,0.12256336,0.009701145,0.1817834,0.0024537141,1.1812872e-06,0.088921994,0.00019238245,0.00050028553,0.00091872364,1.3311233e-06,0.11261157,0.00023481184
CS(=O)(=O)CCNCC1=CC=C(C2=CC3=C(C=C2)N=CN=C3NC2=CC(Cl)=C(OCC3=CC(F)=CC=C3)C=C2)O1,0.00015514698,6.6440625e-05,9.577759e-05,0.25800318,0.004539147,0.00016244431,0.087347455,0.22558749,2.3406471e-06,0.00013422969,0.56240326,0.0016910087,0.28099352,1.9509907e-05,0.33400327,0.09448736,0.1922844,0.0002637861,9.502992e-06,0.00028369162,0.00012832701,0.09698144,0.0004702204,0.0016423331,0.0010764757,0.0017752787,0.00030079618,0.029839639,0.05289682,0.011090658,0.00041915482,0.020332703,0.0008845683
NC1=NC=NC2=C1N=CN2CCOC[P@@]1(=O)OCC[C@@H](C2=CC=CC(Cl)=C2)O1,0.0002776917,0.0058670053,0.00025149953,0.008570574,0.012597089,0.00023523574,0.054095834,0.21063027,0.0003366156,0.009987354,0.18390949,0.00079894287,0.031044045,0.0004675313,0.0073742694,0.19433025,0.01939031,0.01054473,0.0025184036,0.020076144,0.0002334743,0.2136631,0.025844192,0.0014802817,0.018882299,0.0015123395,0.003897942,0.0012429242,0.0046446947,6.852184e-05,0.0001488325,0.09277791,0.024482105
